Level,N60,N80,N100,N120,N140,N160
E_0,-27.92819195,-27.92822251,-27.92822251,-27.92822251,-27.92822251,-27.92822251
E_1,-27.06141495,-27.06213475,-27.06213475,-27.06213475,-27.06213475,-27.06213475
E_2,-26.19610713,-26.1961376,-26.1961376,-26.1961376,-26.1961376,-26.1961376
E_3,-26.1891123,-26.19609406,-26.19609407,-26.19609407,-26.19609407,-26.19609407
E_4,-25.32943034,-25.33014811,-25.33014811,-25.33014811,-25.33014811,-25.33014811
E_5,-25.29370696,-25.33010436,-25.33010458,-25.33010458,-25.33010458,-25.33010458
E_6,-24.4572502,-24.46421441,-24.46421442,-24.46421442,-24.46421442,-24.46421442
E_7,-24.3463074,-24.46416767,-24.4641709,-24.4641709,-24.4641709,-24.4641709
E_8,-23.56202161,-23.59834155,-23.59834178,-23.59834178,-23.59834178,-23.59834178
E_9,-23.32644791,-23.59826411,-23.59829826,-23.59829826,-23.59829826,-23.59829826
E_10,-22.6148808,-22.73253289,-22.73253611,-22.73253611,-22.73253611,-22.73253611
E_11,-22.23109524,-22.73222216,-22.7324926,-22.7324926,-22.7324926,-22.7324926
E_12,-21.59536093,-21.86677022,-21.86680422,-21.86680422,-21.86680422,-21.86680422
E_13,-21.06618641,-21.86513445,-21.86676071,-21.86676071,-21.86676071,-21.86676071
E_14,-20.50042266,-21.00088463,-21.0011539,-21.0011539,-21.0011539,-21.0011539
E_15,-19.83903517,-20.9936699,-21.00111039,-21.0011104,-21.0011104,-21.0011104
E_16,-19.33601123,-20.13397463,-20.13559416,-20.13559416,-20.13559416,-20.13559416
E_17,-18.55590115,-20.10960663,-20.13555061,-20.13555066,-20.13555066,-20.13555066
E_18,-18.10946226,-19.26272363,-19.27013547,-19.27013548,-19.27013548,-19.27013548
E_19,-17.2217494,-19.20001497,-19.27009149,-19.27009199,-19.27009199,-19.27009199
