Level,abs_E_N120_minus_E_N100,abs_E_N140_minus_E_N100
E_0,5.68E-14,1.07E-13
E_1,7.11E-14,4.26E-14
E_2,7.11E-15,3.55E-14
E_3,3.55E-15,3.55E-14
E_4,3.91E-14,2.84E-14
E_5,2.84E-14,3.20E-14
E_6,5.33E-14,1.07E-14
E_7,9.59E-14,1.24E-13
E_8,1.78E-14,2.13E-14
E_9,1.18E-12,1.16E-12
E_10,4.97E-14,3.55E-15
E_11,2.36E-11,2.36E-11
E_12,1.17E-12,1.19E-12
E_13,3.74E-10,3.74E-10
E_14,2.34E-11,2.34E-11
E_15,4.90E-09,4.90E-09
E_16,3.72E-10,3.72E-10
E_17,5.37E-08,5.37E-08
E_18,4.87E-09,4.87E-09
E_19,4.96E-07,4.96E-07
